Milesrounded,faraway
0,69.7
0,79.5
0,117.6
0,106.9
0,113.2
0,133.7
0,108
0,88
0,118.4
0,119.3
0,89.4
0,119.8
0,96.4
0,133.7
0,94.7
0,102.2
0,71.6
0,112.7
0,116
0,119.7
0,111.7
0,96.7
0,115.6
0,94.2
0,95.8
0,111.8
0,101.9
0,87.6
0,87.6
0,65.5
0,112.4
0,101.4
0,93.4
0,103.5
0,113.1
0,121.4
0,92.2
0,86.7
0,88.1
0,100.2
0,117.4
0,102.9
0,89.5
0,79.9
0,91.4
0,108.3
0,91.7
0,82.7
0,97.8
0,120.6
0,117.5
0,105.4
0,119.3
0,105.1
0,82.6
0,81.7
0,103.1
0,87.3
0,125.9
0,82.6
0,108.8
0,100.9
0,83.6
0,108.1
0,105.2
0,87.9
0,106.8
0,57.9
0,124.4
0,79.6
0,93.3
0,120.5
0,96.8
0,104.2
0,106.4
0,88.8
0,97.2
0,68.8
0,95.9
0,106.6
0,79.7
0,114.8
0,97.3
0,101.1
0,101.5
0,88.7
0,94.1
0,112.5
0,95.5
0,110.4
0,109
0,93.1
0,103
0,123.3
0,83.3
0,101.2
0,109.3
0,110.7
0,90.2
0,102.6
0,82.7
0,99.4
0,91.3
0,107.3
0,81.1
0,109.6
0,99.2
0,122.6
0,102
0,97.6
0,73
0,105
0,88.7
0,78.5
0,84.8
0,116
0,105.9
0,101.3
0,98.3
0,104.9
0,101.1
0,115.9
0,80.2
0,80.8
0,94.7
0,106.8
0,122.3
0,87.4
0,98.4
0,97.8
0,100.8
0,79.7
0,72.2
0,79.3
0,81.6
0,101.7
0,110.3
0,94
0,90.5
0,106.1
0,103.8
0,103.2
0,117
0,101.8
0,87.4
0,122.2
0,69.1
0,87
0,92.2
0,94.2
0,90
0,110.7
0,94.5
0,101.1
0,111.8
0,86.6
0,95.4
0,103.3
0,88.2
0,110.2
0,88.1
0,108.6
0,88.1
0,118.4
0,109.9
0,94.9
0,128.3
0,104.2
0,116.4
0,116.2
0,110
0,98.3
0,103.1
0,91.2
0,98.9
0,118.9
0,75.6
0,101.9
0,114.2
0,105.1
0,104.4
0,97.2
0,100.8
0,86
0,101.2
0,94.5
0,91.6
0,72.8
0,110.6
0,117.5
0,109.1
0,103.7
0,106.9
0,95.3
0,127.9
0,87.9
0,86.1
0,89.9
0,106.5
0,88.6
0,123.2
0,100.8
0,86.3
0,110.7
0,105.6
0,92.8
0,118.1
0,79.5
0,107
0,131.3
0,81
0,95.5
0,104.5
0,119.2
0,100.6
0,98.4
0,102.4
0,85.6
0,99.5
0,134.9
0,78.5
0,110.6
0,89.5
0,108.5
0,88.2
0,83.4
0,91.2
0,103.3
0,113.2
0,122.8
0,105.9
0,101
0,107.7
0,117.9
0,95.1
0,82.2
0,101.8
0,78.2
0,92.7
0,96.1
0,89.6
0,84.4
0,103.3
0,105.4
0,77.3
0,108
0,80.9
0,113.6
0,115.4
0,104.3
0,131.3
0,96.3
0,96.2
0,106.5
0,105.9
0,89.3
0,96.2
0,76
0,81.3
0,119.2
0,91.9
0,90.4
0,95.9
0,89
0,117.3
0,78.4
0,107.6
0,82.5
0,79.7
0,99.6
0,94.3
0,114.1
0,87.1
0,91.6
0,114.6
0,75.9
0,96.8
0,80.8
0,119.2
0,85.2
0,104.8
0,141.3
0,128.6
0,98
0,139.9
0,96.7
0,87.8
0,98.2
0,85.2
0,98.3
0,91.4
0,94.4
0,80.5
0,117.3
0,111.2
0,104.1
0,69.7
0,69.4
0,82.9
0,66.2
0,89.1
0,122.2
0,111.2
0,124
0,124.4
0,102.6
0,74
0,83.2
0,96.7
0,93.2
0,108.1
0,97.8
0,98.1
0,84.1
0,119.6
0,121.4
0,139
0,93.1
0,99.9
0,86.4
0,109.8
0,83.3
0,95.4
0,111.2
0,89.9
0,90.6
0,81.7
0,110.7
0,91
0,105.8
0,105.1
0,109.8
0,91.5
0,111.2
0,105.2
0,101.4
0,80.8
0,87
0,93.8
0,114.6
0,91.7
0,117.1
0,83.9
0,102.9
0,108.6
0,105.4
0,100.8
0,110.3
0,110.2
0,96.2
0,68.3
0,116.9
0,82.8
0,83.1
0,90.1
0,103.1
0,101.5
0,122.8
0,99.4
0,99.3
0,105.8
0,90.4
0,86
0,114.7
0,89.8
0,103.6
0,104.4
0,83.2
0,92.7
0,118.5
0,103.2
0,97.8
0,99.8
0,99.1
0,112.5
0,118.5
0,132.9
0,123.1
0,105.6
0,83.6
0,92.1
0,108.2
0,98.6
0,103.6
0,106.8
0,103.7
0,81.8
0,102.4
0,97.7
0,99.8
0,107.8
0,91.5
0,92.8
0,90.5
0,112.6
0,82.5
0,89.9
0,116.9
0,90.2
0,92.5
0,97.6
0,73.7
0,103.1
0,100.2
0,132.5
0,99.8
0,109.7
0,98.1
0,97
0,115.1
0,86.6
0,99.6
0,51.1
0,97.6
0,103.8
0,105
0,130.3
0,94
0,116.5
0,117
0,90.5
0,104.2
0,111.4
0,103
0,109.7
0,100.7
0,106.9
0,101.4
0,80
0,94.8
0,92
0,98.5
0,105.3
0,90.4
0,84.3
0,118.7
0,93.9
0,114
0,105.9
0,105.2
0,100
0,93
0,105.1
0,60.5
0,105.1
0,95.1
0,106.2
0,103.6
0,104.7
0,67.2
0,106.2
0,88.3
0,99.6
0,104.7
0,124.3
0,80.4
0,104.7
0,103.4
0,97.8
0,93.9
0,104.5
0,89.2
0,90.4
0,121.3
0,113.4
0,117
0,113.7
0,90.7
0,106.1
0,99.4
0,116.8
0,118.5
0,70.6
0,95.2
0,103.5
0,109.6
0,103.4
0,100.3
0,85.1
0,92.8
0,96.6
0,83
0,111.3
0,67.4
0,104.1
0,108.9
0,109.4
0,83.6
0,112.7
0,93.9
0,93
0,102.7
0,101.4
0,120.2
0,79.5
0,112.4
0,89.9
0,89.3
0,111.5
0,97.4
0,85.6
0,113.9
0,110.4
0,101.5
0,98.3
0,96.6
0,101
0,120
0,100
0,101.4
0,103.3
0,101.1
0,116.2
0,87.8
0,100.2
0,122.1
0,79.4
0,84.5
0,101.3
0,96
0,95.3
0,81.3
0,110.5
0,112.6
0,72.1
0,103.1
0,96.5
0,115.3
0,108.6
0,90.2
0,96.5
0,126.2
0,90.9
0,109.7
0,100.2
0,108.1
0,85
0,94.3
0,114
0,70.8
0,105.5
0,93.8
0,109.3
0,121.2
0,129.1
0,95.1
0,106
0,103
0,97.2
0,97.2
0,100
0,82.9
0,100.8
0,80.7
0,64.8
0,100.3
0,111.2
0,97.1
0,101.3
0,87.4
0,114.7
0,95.2
0,89.9
0,93.6
0,93.7
0,90.9
0,109.4
0,104.8
0,88.9
0,110
0,110.7
0,105.4
0,105.6
0,101.1
0,102.9
0,84.2
0,88
0,104.5
0,96.1
0,86.8
0,100.7
0,121.3
0,112.8
0,73.8
0,112.1
0,109.9
0,101.8
0,99
0,96.1
0,110.5
0,86.4
0,89.6
0,95.1
0,98.7
0,93.6
0,86.8
0,92.6
0,123.9
0,91.1
0,95.6
0,98.3
0,92.6
0,91.3
0,87.4
0,96.1
0,91.9
0,94.4
0,126.6
0,97.5
0,120.1
0,100.3
0,90
0,97.9
0,94.4
0,87.6
0,94.2
0,120
0,100.2
0,97
0,93.9
0,107.1
0,117.1
0,119.9
0,106.8
0,111.5
0,71.2
0,99.5
0,98.5
0,95
0,102.7
0,80
0,96.3
0,88
0,77.4
0,118.3
0,123.1
0,98.9
0,110.2
0,96.1
0,96.1
0,92.9
0,106.9
0,106.9
0,101.9
0,116.7
0,75.9
0,95.6
0,92
0,88.9
0,110.3
0,93
0,97.4
0,88.6
0,85.8
0,89.6
0,75.9
0,92.8
0,95.5
0,105.1
0,106.6
0,117.9
0,98.5
0,116.1
0,110.6
0,129.1
0,113.9
0,122.9
0,124.1
0,86
0,94.5
0,100.3
0,79.9
0,93.4
0,103.3
0,105.3
0,103.6
0,95
0,105.4
0,108.2
0,102.5
0,125.5
0,78.8
0,101.6
0,107.8
0,90.2
0,101.5
0,121.6
0,68.1
0,93.3
0,97.8
0,88.6
0,102.4
0,118.1
0,120
0,112.9
0,112.2
0,93.3
0,102.9
0,102.4
0,118
0,102.3
0,94
0,115.2
0,112.4
0,107.8
0,118.4
0,96.1
0,106.9
0,91.5
0,101.7
0,85.5
0,76.2
0,106.1
0,113
0,91
0,104.7
0,125.9
0,110.5
0,97.7
0,96.9
0,84.9
0,112.9
0,101.2
0,108.4
0,105.2
0,87
0,88.1
0,94.1
0,100.8
0,82.9
0,102.4
0,113.6
0,120.3
0,91.9
0,108.8
0,119.2
0,110
0,98.4
0,112.7
0,110.1
0,113.4
0,74.1
0,115.6
0,86.8
0,104
0,96
0,106
0,122.7
0,90.1
0,87.4
0,120.4
0,89.5
0,109.8
0,142
0,97.4
0,122
0,121.4
0,109.9
0,125.8
0,107.4
0,93.1
0,100.9
0,101.2
0,95.6
0,104.3
0,125
0,110.4
0,95.9
0,91.6
0,94.4
0,97.4
0,77.3
0,119.1
0,104.5
0,96.3
0,111.9
0,112.2
0,91
0,81.2
0,85.2
0,129
0,131.7
0,103.4
0,107.5
0,106.3
0,94.8
0,114
0,115.9
0,89.8
0,112.5
0,91.5
0,105.3
0,102.4
0,109.7
0,98.7
0,73
0,81
0,104.8
0,81
0,91.1
0,108.6
0,100.1
0,105.9
0,110.9
0,86.3
0,110.1
0,118
0,80.2
0,98.2
0,93.9
0,94.3
0,76.2
0,106.5
0,79.7
0,98.9
0,96.3
0,107.2
0,81.1
0,112.7
0,100
0,96.7
0,91.8
0,75
0,88.8
0,97.8
0,121.5
0,96.9
0,114.1
0,103.8
0,106.7
0,100.7
0,87.5
0,83.5
0,80.9
0,87.9
0,99.1
0,92.5
0,92.4
0,106.6
0,100.1
0,91
0,99.8
0,95.4
0,122.7
0,106.4
0,82.7
0,87.1
0,86.6
0,100.8
0,110.5
0,74.8
0,100.6
0,108.3
0,111.3
0,93.7
0,121.8
0,71.4
0,94.4
0,96.8
0,109.2
0,93.9
0,89.8
0,88.3
0,77.1
0,99.2
0,99
0,91
0,78.5
0,91.3
0,81.4
0,99.9
0,99.3
0,109
0,78.2
0,102.1
0,111.1
0,95.9
0,81.5
0,125.7
0,86.1
0,72.4
0,108
0,84.3
0,93.3
0,94.4
0,88.9
0,93.1
0,109.8
0,85.9
0,117.2
0,120.9
0,99.5
0,104.4
0,121.3
0,114.5
0,97.1
0,95.4
0,100.2
0,117.5
0,113
0,96.7
0,117.4
0,111.2
0,96.2
0,100.9
0,124.9
0,87.7
0,117.2
0,94.9
0,105.9
0,101.5
0,72.7
0,101.9
0,114
0,122.7
0,118.9
0,98.1
0,103.9
0,96.7
0,97.7
0,73.1
0,106.7
0,110.7
0,93.7
0,99.4
0,111.3
0,104.1
0,115.4
0,127.1
0,119.2
0,88.5
0,87.7
0,68
0,105.7
0,86.4
0,131.6
0,95.9
0,114
0,105.8
0,102.9
0,105.6
0,96.2
0,97.4
0,80.6
0,109.1
0,105.6
0,84.2
0,111.5
0,96.6
0,87.5
0,104.8
0,116.1
0,101.9
0,86.3
0,80
0,103.3
0,106.8
0,93.4
0,98.8
0,103.3
0,104.4
0,81.6
0,112.6
0,99.2
0,116.7
0,96.7
0,107.1
0,97.7
0,83.5
0,113
0,88.2
0,110.7
0,93.2
0,98.9
0,96
0,88.4
0,119.3
0,119
0,97.6
0,112
0,103.2
0,95.2
0,110.3
0,109.3
0,105.6
0,118
0,108.3
0,108.3
0,96.8
0,123.8
0,111.2
0,109.5
0,105.4
0,104.7
0,114
0,109.1
0,84.6
0,88
0,97.8
0,105.5
0,93.8
0,94.9
0,106.9
0,85.5
0,128.9
0,92.6
0,111.2
0,95.9
0,116.6
0,108.8
0,96.9
0,85.1
0,90.9
0,102.9
0,86.1
0,103.6
0,99.4
0,98.6
0,117.1
0,106
0,104.4
0,119
0,98.8
0,95.7
0,107.5
0,106.2
0,93.5
0,83.3
0,104.8
0,108.3
0,108.1
0,101
0,98.3
0,104.2
0,88.8
0,110.8
0,86.4
0,118.2
0,102
0,106.5
0,102.3
0,92.7
0,69.1
0,90.5
0,111
0,109
0,84.7
0,109.6
0,109.4
0,105.4
0,95.1
0,91.7
0,117.7
0,92.3
0,129.4
0,100.3
0,121.2
0,65.8
0,98
0,116.3
0,102.9
0,104.3
0,96.3
0,100.3
0,86.6
0,110
0,83.9
0,112.5
0,92.2
0,101
0,101.5
0,113.9
0,114.6
0,98.5
0,102.7
0,110.9
0,102.7
0,102
0,98.4
0,116.5
0,93.5
0,101.5
0,92.6
0,110.5
0,103.8
0,82.2
0,122.3
0,81
0,110.1
0,66.8
0,103.5
0,120.1
0,104.7
0,96.7
0,102.9
0,87.7
0,102.8
0,125.2
0,106.6
0,119.9
0,96.3
0,96.5
0,81.2
0,77.6
0,107.4
0,99.3
0,102
0,112.3
0,79.4
0,96
0,118
0,110.5
0,114.7
0,110.3
0,124.9
0,85.2
0,119.5
0,95
0,110.5
0,78.6
0,121.1
0,101.2
0,93.8
0,99.2
0,84.8
0,93.4
0,91.2
0,110.9
0,105.2
0,113.3
0,97.2
0,126.9
0,65.6
0,102.1
0,91.2
0,85.6
0,103.9
0,106.8
0,91.7
0,93.6
0,93
0,104.5
0,125.2
0,102.6
0,121.1
0,82
0,100.2
0,98.5
0,87
0,100
0,108.4
0,87.2
0,122.8
0,89.7
0,91
0,124.4
0,83.3
0,87.7
0,91.7
0,96.4
0,106.3
0,117.7
0,107.7
0,127.4
0,89.7
0,111.3
0,100.9
0,86.4
0,95.1
0,106.3
0,109.6
0,123.4
0,107.1
0,103.8
0,119.2
0,101.5
0,96.1
0,89.4
0,123.4
0,72.9
0,99.4
0,92.3
0,109
0,97
0,96.9
0,79.9
0,79.1
0,98.4
0,91.8
0,94.3
0,99.7
0,104
0,94.6
0,105.8
0,79.2
0,100.7
0,67.3
0,105.7
0,93.9
0,113.2
0,102.7
0,94.2
0,97.2
0,98
0,121.5
0,122.5
0,102.3
0,87.4
0,106.7
0,117.7
0,89.8
0,92
0,100
0,110.7
0,115.7
0,101.9
0,80.5
0,111.7
0,104.7
0,126.7
0,98.8
0,72.6
0,95
0,105.6
0,115.7
0,103.3
0,91
0,101
0,100.7
0,107.2
0,100.2
0,107.9
0,104.9
0,121.8
0,82.5
0,83.6
0,121.1
0,85.4
0,96
0,110.8
0,89.9
0,91.3
0,79.3
0,110.4
0,103.6
0,113.9
0,109.4
0,99.6
0,89.7
0,84
0,81.2
0,116.4
0,108
0,101.5
0,117.6
0,105.4
0,108.2
0,100.6
0,93.3
0,107.9
0,97.2
0,106
0,125.2
0,99.9
0,104.7
0,114.7
0,94
0,89.7
0,93.7
0,109.7
0,79
0,109.9
0,91.5
0,108.7
0,90.5
0,105.4
0,105
0,103.9
0,94.1
0,112.5
0,110.7
0,106.4
0,110.9
0,93.1
0,100.3
0,102
0,111.5
0,84.4
0,87.5
0,110.3
0,125.9
0,86.3
0,112.9
0,94.9
0,98.5
0,110.2
0,105.8
0,84.6
0,117.3
0,94.3
0,124.8
0,91.9
0,85.6
0,87.9
1,88.2
1,80.6
1,81
1,97.5
1,102.7
1,110.2
1,96
1,94.4
1,109.9
1,89.7
1,103.3
1,101.3
1,97.2
1,90.5
1,102.6
1,100.3
1,92
1,103.7
1,91.7
1,114.3
1,109.1
1,86.5
1,107.8
1,88.4
1,84.4
1,101
1,106.1
1,111.4
1,101.2
1,95.7
1,84
1,88.7
1,69.8
1,86.9
1,93.9
1,80.2
1,104.4
1,77.5
1,86
1,84.2
1,111.2
1,97.1
1,95.1
1,88.8
1,72.9
1,126.5
1,86.9
1,98.2
1,95.8
1,85.9
1,89.4
1,86.9
1,109.7
1,107.5
1,105
1,82.7
1,114.8
1,88.9
1,96.9
1,88.6
1,115.2
1,92.2
1,121.8
1,91.9
1,88.5
1,83.1
1,96.5
1,93.4
1,96.6
1,98.3
1,112.6
1,88.6
1,102
1,101.6
1,97.5
1,101.2
1,94.2
1,103.5
1,108.5
1,87.3
1,98.9
1,88.5
1,100.9
1,92
1,94.4
1,93.1
1,104.7
1,105.8
1,103
1,101.6
1,102.1
1,90.5
1,102.3
1,99.5
1,107.1
1,109.9
1,129.9
1,107
1,104.3
1,113.2
1,99.8
1,72.9
1,112.5
1,123.4
1,120.4
1,116.7
1,118.6
1,107.2
1,99.8
1,109.5
1,88
1,104.2
1,97.1
1,101.8
1,83.2
1,117.5
1,94.3
1,107.8
1,114.6
1,102.5
1,94.6
1,76.2
1,99.1
1,104.6
1,90.1
1,139.8
1,119.1
1,81.7
1,103.6
1,98.5
1,111.9
1,77.8
1,101.6
1,100.4
1,107
1,82.4
1,83.7
1,109.9
1,95.8
1,91.4
1,94.6
1,88.4
1,126.4
1,88.4
1,95.1
1,86.3
1,115.5
1,102.8
1,80.8
1,114
1,100.4
1,119.5
1,112.2
1,113.2
1,95.9
1,105.7
1,101.8
1,75.3
1,102.3
1,99.8
1,103.8
1,104.5
1,108
1,86.7
1,119.8
1,96.9
1,96.4
1,79.7
1,101.6
1,81.1
1,95.9
1,81.7
1,114.3
1,111.4
1,91.8
1,109.8
1,91.7
1,118.5
1,113.6
1,87.1
1,105.7
1,109.4
1,103
1,94.6
1,90
1,119.2
1,116.9
1,94.3
1,82
1,103.7
1,98.9
1,71.7
1,110.9
1,96.7
1,105.2
1,105.8
1,87.7
1,105.9
1,94
1,105.5
1,129.2
1,80.9
1,95.9
1,114.2
1,112.5
1,94
1,80.6
1,97.8
1,88.6
1,78
1,108.7
1,130
1,111.8
1,64.9
1,102.1
1,83.6
1,100.8
1,103
1,89.1
1,104.2
1,82.1
1,96.3
1,97.7
1,112.7
1,87.7
1,109.4
1,108.4
1,104.9
1,81.3
1,91.1
1,112.2
1,99.9
1,107
1,100.2
1,96.5
1,83.1
1,83.3
1,126
1,73.9
1,99.9
1,109.6
1,94.6
1,82.5
1,127.3
1,95.4
1,90
1,94.8
1,89.2
1,94.3
1,113.7
1,114.5
1,93.9
1,105.6
1,103.7
1,112.1
1,69.7
1,97.4
1,90
1,108.5
1,93
1,103.7
1,110
1,115.4
1,98.7
1,112.2
1,100.3
1,116.9
1,101.5
1,96.4
1,118.8
1,92.9
1,95.1
1,100.1
1,101
1,123.7
1,83.7
1,104.5
1,80.9
1,91
1,107
1,103.6
1,104.1
1,87.1
1,81
1,97.7
1,92.8
1,90.7
1,92.3
1,115.7
1,115.2
1,86.2
1,85.4
1,104.6
1,99.2
1,105.9
1,83
1,100.8
1,105.5
1,109.4
1,112.2
1,115
1,108.2
1,93.5
1,111.3
1,98.5
1,76.5
1,94.3
1,115.4
1,104.1
1,86.8
1,100.8
1,117.2
1,103.2
1,106.2
1,103.9
1,101.8
1,102.4
1,83.9
1,113.1
1,94.4
1,89.7
1,104
1,82
1,84.2
1,98.3
1,110.4
1,79.8
1,100.5
1,93.6
1,113
1,108.3
1,104.1
1,103
1,102.8
1,96.6
1,102.7
1,117.6
1,107
1,116.7
1,127
1,97.5
1,98.9
1,95.9
1,93.1
1,132.1
1,92.5
1,97.8
1,105.3
1,99.5
1,94.5
1,88.5
1,107.8
1,104.2
1,103.7
1,103.3
1,82.7
1,86.3
1,96.5
1,82.1
1,93.6
1,104.4
1,93.5
1,91.4
1,102.3
1,112.6
1,128.9
1,114
1,103.3
1,81.6
1,100.9
1,88.5
1,83.7
1,115
1,89.6
1,98.3
1,87.9
1,104.9
1,106.4
1,85.2
1,86.1
1,82.9
1,92.2
1,99.9
1,96.8
1,80.4
1,103.7
1,93.4
1,98.8
1,115.7
1,96.7
1,119.9
1,77.9
1,106
1,97
1,104
1,106
1,108.3
1,114.5
1,79.6
1,100.7
1,109
1,117.2
1,94.5
1,117.6
1,111.4
1,96.5
1,86.1
1,98.7
1,76.9
1,125.2
1,100.7
1,88.9
1,101.4
1,66.3
1,91.5
1,98.8
1,94.2
1,100.9
1,98.7
1,76.5
1,91.1
1,95.3
1,106.2
1,91.3
1,104.7
1,87.7
1,126.7
1,120.6
1,90.9
1,116.3
1,90.6
1,76.1
1,113.2
1,101.4
1,102.5
1,116.9
1,97
1,117.9
1,98.5
1,119
1,84.2
1,92.7
1,100.9
1,95.3
1,94.6
1,93.2
1,98.7
1,107.5
1,107.2
1,92.5
1,103.2
1,93.9
1,97.1
1,87.6
1,113.7
1,100
1,102.5
1,80.5
1,124.3
1,116.9
1,100.8
1,103.5
1,133.3
1,88.2
1,105.9
1,84.7
1,98.5
1,100.7
1,124.4
1,91.7
1,114.6
1,92.8
1,84.6
1,103
1,110.9
1,122.3
1,115.8
1,91.8
1,100.8
1,95.1
1,113.1
1,90.5
1,123.6
1,111.8
1,119
1,107
1,89.1
1,93.8
1,106.9
1,111.2
1,106.6
1,103.1
1,108
1,95.3
1,87.6
1,120.7
1,114.8
1,96
1,110.5
1,75.9
1,105.1
1,102.8
1,103
1,117.2
1,101.1
1,112.8
1,124.9
1,115.7
1,89.5
1,100.1
1,95.6
1,101.9
1,104
1,76.1
1,96.5
1,124.7
1,108.2
1,93.3
1,118.1
1,94.3
1,87.2
1,103.8
1,92.4
1,111.1
1,112.8
1,95.9
1,102.4
1,96.9
1,120.8
1,121.3
1,113.1
1,101.2
1,95
1,108.7
1,121.1
1,115
1,85.2
1,111.5
1,85.6
1,114.4
1,101.8
1,88
1,106.9
1,99.5
1,118.3
1,96.9
1,102.6
1,95.3
1,104.2
1,95.6
1,117.7
1,107.3
1,87.3
1,79.7
1,102.1
1,111.9
1,65.8
1,120.5
1,80.7
1,100.5
1,89.1
1,104.6
1,82.5
1,108.7
1,101.1
1,75.3
1,67.3
1,101.7
1,83.2
1,88
1,128.8
1,103.4
1,93.6
1,109.6
1,120
1,84.5
1,96.4
1,101.6
1,118.8
1,99.9
1,95.5
1,104.5
1,105
1,72.8
1,98.3
1,112.5
1,102.3
1,118.2
1,109.1
1,106.1
1,80.5
1,69.9
1,81.2
1,108.2
1,84.7
1,114.1
1,89.8
1,93.6
1,102.2
1,97.6
1,98.9
1,96.4
1,90.7
1,112.3
1,101
1,98.3
1,114
1,81.7
1,107.9
1,114
1,117.5
1,100.8
1,85.7
1,88.1
1,95.2
1,97.9
1,79.2
1,102.8
1,117.9
1,100.4
1,104.6
1,94.7
1,89.8
1,100.2
1,95.1
1,89
1,90.3
1,119.7
1,117.6
1,104.9
1,115.1
1,91.1
1,86.6
1,105.7
1,118.7
1,104.1
1,79.5
1,98.7
1,95.5
1,104.2
1,80.5
1,123.5
1,84.7
1,101.8
1,90.4
1,88.6
1,99
1,103.3
1,90.3
1,101.8
1,89.2
1,88.2
1,103
1,100.1
1,84.5
1,106.2
1,93.9
1,101
1,106.7
1,115.1
1,106.9
1,115.2
1,90
1,89.4
1,73.6
1,90.2
1,104.5
1,111.7
1,111.3
1,114
1,80.9
1,92.1
1,97
1,101.7
1,96
1,81
1,84.8
1,131.4
1,112
1,114.5
1,73.5
1,98
1,123
1,99.6
1,89
1,92.1
1,112.3
1,92.1
1,101.9
1,118.3
1,110
1,88.3
1,79.4
1,88.7
1,100.5
1,77.6
1,88.4
1,106.9
1,105.5
1,92.7
1,101.4
1,83.3
1,109.2
1,93.7
1,74.2
1,73.8
1,69.8
1,108.3
1,102.6
1,119.4
1,105.5
1,110
1,111.3
1,110.9
1,81
1,111.3
1,97.6
1,101.9
1,109.1
1,109.3
1,98.5
1,94.2
1,99.1
1,104.9
1,95.2
1,103.3
1,104.5
1,99.9
1,119.7
1,96.3
1,85.2
1,115.5
1,124.8
1,107.8
1,109.8
1,83.5
1,72.7
1,82.7
1,94.7
1,107.2
1,136.3
1,109.2
1,114.2
1,91.6
1,81.7
1,90.3
1,109.1
1,99.9
1,115.6
1,116.7
1,119
1,86.4
1,111.3
1,82.5
1,83.6
1,105.8
1,99.4
1,109.2
1,97
1,100.5
1,95.3
1,105.6
1,102.2
1,103.3
1,98.4
1,115.4
1,98.6
1,74.4
1,105.5
1,88.6
1,101.9
1,124
1,103.2
1,118.8
1,108.4
1,85.2
1,105.4
1,84.4
1,104.4
1,89.8
1,97.9
1,124.2
1,98.5
1,85
1,94.5
1,104.5
1,96.6
1,97.8
1,93.7
1,82.4
1,90.8
1,107.4
1,91.1
1,101.1
1,94.9
1,108.5
1,84
1,112.2
1,87.4
1,112.7
1,89.3
1,125.9
1,116.4
1,96.7
1,89.7
1,119.8
1,96.4
1,100.7
1,92.5
1,124.6
1,74.2
1,103.2
1,111.4
1,89.7
1,97.7
1,94.7
1,102.3
1,113.7
1,73.1
1,98.2
1,118.2
1,101
1,106.8
1,106.5
1,70.9
1,115.3
1,113.6
1,83.3
1,93
1,63.3
1,99.3
1,102.7
1,100.5
1,125.3
1,109
1,94.7
1,100.7
1,112.1
1,121.1
1,92.8
1,112.5
1,101.4
1,105.1
1,104
1,100.1
1,111.4
1,83.8
1,88.7
1,127.9
1,115.3
1,98
1,74.8
1,79.7
1,122.5
1,85.6
1,78.9
1,77.7
1,102.2
1,95.4
1,92.6
1,134.5
1,80.5
1,109.1
1,100.8
1,99
1,104.7
1,98.9
1,78.5
1,95.7
1,88.9
1,128.7
1,82.3
1,115.7
1,84.9
1,101.7
1,90.2
1,130.1
1,104.8
1,90.9
1,83.1
1,87.9
1,116.3
1,110.6
1,88
1,106
1,89.8
1,88.5
1,106.8
1,88.4
1,82.7
1,84
1,91.7
1,116.7
1,94.4
1,109.8
1,96.4
1,76.9
1,96.4
1,105.2
1,85
1,90.4
1,98
1,102.6
1,85.4
1,101.1
1,123
1,112.8
1,112.9
1,80
1,85.9
1,78.7
1,120.5
1,114.3
1,97.5
1,85.3
1,93
1,84
1,76.7
1,113
1,107.9
1,122.7
1,87.9
1,73.4
1,89.8
1,100.9
1,96.8
1,103.7
1,99.6
1,135.8
1,105.7
1,103.6
1,99
1,78.8
1,80.9
1,114.5
1,107.1
1,101.5
1,110.8
1,93.8
1,94.1
1,93.7
1,107.5
1,97.8
1,102.3
1,83.9
1,105.1
1,105.5
1,118.5
1,88.1
1,122.3
1,102
1,102.9
1,86.2
1,74.1
1,98.6
1,102.4
1,95.3
1,95.5
1,113.8
1,94.2
1,109.4
1,92.3
1,88
1,104.9
1,79.6
1,97.4
1,106.4
1,98
1,75.6
1,81.8
1,92.1
1,112.1
1,108.6
1,91.9
1,108.3
1,112.4
1,116.3
1,84.1
1,96.3
1,95.5
1,127.4
1,121.4
1,97.6
1,94.9
1,92.4
1,88.6
1,97.6
1,98.5
1,85.3
1,87.8
1,125.8
1,90.1
1,88.7
1,90.7
1,103.2
1,91.9
1,106.9
1,79.6
1,81.7
1,82.5
1,104.3
1,117
1,79.9
1,68.9
1,104.7
1,91.3
1,96.1
1,85.7
1,90
1,63.7
1,84.3
1,105.5
1,86.9
1,99.8
1,94.6
1,98.9
1,109.7
1,106.7
1,89.4
1,133.2
1,81
1,117.8
1,93.7
1,99.6
1,78.9
1,107.1
1,97.8
1,99.3
1,97.9
1,86.4
1,88.6
1,88.6
1,123.2
1,81.3
1,87.1
1,122.7
1,87.5
1,68.5
1,104.3
1,101.4
1,99
1,80.2
1,100.1
1,83.1
1,100.1
1,121.5
1,118
1,82.3
1,102.5
1,113.2
1,92.5
1,99
1,120.3
1,92.9
1,102.4
1,107.3
1,87.4
1,112.4
1,113.3
1,120.9
1,107.5
1,84.2
1,102.8
1,105.7
1,89.9
1,92.8
1,93.9
1,89.6
1,102.3
1,78.8
1,111.5
1,78.9
1,93.8
1,76.6
1,91.8
1,103.3
1,110.1
1,99.6
1,86.6
1,104.1
1,85.8
1,105.6
1,87.8
1,85.6
1,105.6
1,103.5
1,106.1
1,114
1,115.1
1,77.5
1,103.8
1,101.5
1,107.2
1,77.6
1,108.3
1,98.8
1,104.7
1,97.7
1,94.3
1,98.7
1,91.6
1,91.9
1,99.2
1,100.1
1,108.4
1,84.2
1,103.7
1,96.8
1,98.7
1,98.4
1,89.8
1,127.6
1,80.9
1,114
1,105.8
1,125.4
1,90.9
1,104.1
1,126.8
1,85.7
1,106.6
1,99.5
1,121
1,103.8
1,95.7
1,113.2
1,82.4
1,109.8
1,110.7
1,100.1
1,91.1
1,98
1,125.2
1,102.8
1,86
1,101.1
1,133
1,72.6
1,117.1
1,104.9
1,87.2
1,77.8
1,106.8
1,117.4
1,99.2
1,125.9
1,111.5
1,100.2
1,94.8
2,93.4
2,104.2
2,89.3
2,116.5
2,99.7
2,81
2,108.6
2,104.7
2,103.3
2,103.9
2,107.5
2,116.1
2,108.7
2,96.4
2,88.1
2,74.7
2,112
2,87.7
2,95.9
2,99
2,110
2,117.2
2,97.7
2,88.8
2,101.8
2,93.6
2,78.7
2,128.8
2,132
2,84.6
2,88.6
2,83.4
2,113.2
2,79.6
2,99.2
2,93.8
2,106.6
2,103.3
2,88.4
2,95.9
2,110.1
2,90.1
2,95
2,109.3
2,106.3
2,98.5
2,92.9
2,112
2,105.7
2,108.1
2,111.3
2,100
2,96.6
2,88.7
2,117.5
2,123.1
2,122.6
2,100.7
2,96.7
2,93
2,71.2
2,128
2,110.8
2,98.2
2,93.9
2,102.9
2,89.7
2,88.9
2,110.6
2,119.7
2,107.2
2,96.1
2,96.5
2,95.2
2,110.7
2,79.7
2,115.3
2,105.4
2,98.5
2,104.4
2,97.7
2,110.7
2,88.5
2,112.6
2,94.6
2,86.2
2,106.8
2,87.5
2,108.8
2,97.6
2,115
2,108.3
2,108.7
2,78.8
2,69.2
2,106.7
2,125.5
2,101.7
2,113.1
2,109.7
2,85.5
2,100.2
2,104.2
2,98.8
2,112.6
2,116.6
2,123.9
2,95.8
2,111.6
2,87.2
2,72.2
2,100.1
2,86.3
2,100.4
2,97.2
2,104
2,103.9
2,110.4
2,112.1
2,99.4
2,116
2,87.6
2,96.5
2,67.2
2,55
2,91.3
2,97
2,84.3
2,101
2,87.8
2,90.4
2,88.8
2,90.2
2,93.3
2,118.1
2,101.3
2,113
2,80.9
2,98.1
2,79.4
2,93
2,110.6
2,92.1
2,99.7
2,88.8
2,96.1
2,93.6
2,86
2,102
2,107.9
2,102.7
2,91.5
2,90.8
2,108
2,123.7
2,90.4
2,91
2,90
2,91.2
2,93.5
2,93.3
2,100.1
2,84.8
2,121.5
2,100.1
2,82.9
2,93.9
2,107.4
2,104.9
2,104.4
2,81.3
2,69.3
2,99
2,106
2,76.3
2,89.3
2,113.9
2,119.9
2,96.9
2,101.7
2,110.1
2,87.3
2,99.4
2,95.4
2,108.5
2,90.4
2,82.3
2,102.1
2,75.9
2,55.3
2,102.1
2,97.2
2,112.4
2,96.8
2,104.7
2,104.5
2,118.3
2,91.9
2,82
2,103.6
2,83.2
2,85.6
2,91.5
2,118
2,104.4
2,88.9
2,85.8
2,97.7
2,98.8
2,113.9
2,116
2,87.9
2,103.1
2,99.3
2,92
2,106.2
2,107
2,92.7
2,124.5
2,86.3
2,91.2
2,98.1
2,95.3
2,100.5
2,116.3
2,89.8
2,106.9
2,112.1
2,125.3
2,119.8
2,113
2,108.5
2,113.2
2,106.5
2,105.2
2,97.4
2,86.3
2,79.4
2,106.4
2,115.9
2,96.2
2,122.1
2,85.1
2,126.6
2,89.3
2,63.5
2,93
2,94.6
2,108.6
2,120.6
2,106.8
2,95.8
2,94.8
2,130
2,103.6
2,90.7
2,100.1
2,104.7
2,109.2
2,94.8
2,109.2
2,113
2,88
2,108.2
2,111.6
2,108.1
2,105.3
2,70
2,111.3
2,106.5
2,107
2,89.1
2,101.3
2,114.2
2,114.5
2,97.6
2,109.1
2,105.6
2,83.4
2,104.5
2,89.4
2,118.8
2,115.5
2,84.4
2,98.3
2,102.8
2,123.3
2,83.9
2,80.5
2,90.3
2,114.7
2,89
2,105.7
2,114.4
2,114.9
2,96.6
2,108.8
2,87.7
2,114.4
2,103.3
2,93.5
2,105.9
2,107.6
2,81.3
2,98.8
2,107.3
2,96.5
2,93.3
2,93.9
2,83.7
2,107.6
2,115.6
2,115.9
2,84.8
2,115.6
2,92.9
2,115.4
2,87.1
2,111
2,101.9
2,115.5
2,72
2,120.8
2,108.1
2,109
2,122
2,94.2
2,116.7
2,87.6
2,93.4
2,116.8
2,85.1
2,104.4
2,103.5
2,78.2
2,88.4
2,106.4
2,106.4
2,97.5
2,106.4
2,78.3
2,121.3
2,85.4
2,111.7
2,95.1
2,85.8
2,79.9
2,96
2,96.9
2,111
2,108.3
2,84.5
2,105.4
2,130
2,111.9
2,93.3
2,99.4
2,70.7
2,113.3
2,102.5
2,112.7
2,115.6
2,94.2
2,101
2,81.8
2,96.5
2,104.5
2,106.1
2,111.2
2,93
2,99.4
2,120
2,59.3
2,79.9
2,79.9
2,99.4
2,94.8
2,121.3
2,92.6
2,98.3
2,117
2,109.4
2,110.9
2,114.7
2,82.5
2,82.7
2,123.6
2,103
2,129.9
2,114.9
2,96.5
2,129.2
2,89.5
2,104.2
2,76.7
2,106.5
2,71.9
2,88.3
2,97.8
2,89.4
2,111.5
2,107.4
2,83.3
2,89.1
2,91.6
2,110.1
2,80.1
2,122.6
2,94.1
2,82.7
2,108.9
2,100.3
2,109.1
2,85.3
2,103.4
2,71.6
2,107.5
2,113.5
2,94.3
2,109.7
2,79.6
2,84.6
2,98.6
2,75.3
2,91.2
2,108.6
2,107.4
2,79.2
2,109.4
2,109.7
2,79.5
2,93.4
2,111
2,113.2
2,103.3
2,96.6
2,110.7
2,96.2
2,93.2
2,129.8
2,85.5
2,81.8
2,96.8
2,87
2,96.2
2,103.7
2,109.6
2,92.5
2,104.9
2,121.2
2,122.3
2,93.7
2,101.8
2,97.3
2,107
2,110.3
2,89.8
2,90.7
2,133.9
2,67.6
2,110.1
2,102.3
2,104.1
2,110.3
2,79.7
2,103.2
2,94
2,85.3
2,79.3
2,111
2,104.3
2,103
2,100.7
2,98.5
2,94.7
2,100
2,118.2
2,80.3
2,86.1
2,95.5
2,84.3
2,93.3
2,104.6
2,96.7
2,130.5
2,121.1
2,117.3
2,86.3
2,115.5
2,93.1
2,103.9
2,101.3
2,80.8
2,90.7
2,110.4
2,71.3
2,109.1
2,106.8
2,92.3
2,100
2,134.8
2,106.7
2,105.9
2,113.7
2,96.9
2,88.6
2,93.6
2,99.3
2,104.9
2,112.6
2,90.5
2,94.8
2,117.1
2,79
2,123.1
2,96.6
2,127.3
2,114
2,99.6
2,104.4
2,84
2,93.7
2,80.6
2,120.6
2,110.7
2,117.7
2,79.9
2,86.4
2,88.5
2,104.3
2,115.8
2,101.7
2,106.7
2,96.2
2,103.3
2,89.5
2,114.8
2,116.1
2,103.6
2,92.8
2,89.6
2,88.7
2,82.6
2,68.4
2,97.7
2,90.5
2,91.8
2,108.5
2,114.9
2,93.3
2,103.2
2,74.5
2,92.7
2,84
2,117.9
2,99.7
2,120.1
2,109.4
2,114
2,103.5
2,108.1
2,116.7
2,114.6
2,97.5
2,129
2,85.1
2,84.2
2,92.9
2,103.8
2,119.4
2,118.1
2,93.5
2,88
2,83.1
2,82.4
2,108.9
2,96.2
2,108.9
2,96.1
2,111.6
2,121.6
2,90.8
2,117.6
2,89.6
2,116.9
2,89.3
2,104.6
2,106.1
2,84.3
2,114
2,108.1
2,82.1
2,96.4
2,105.3
2,102.3
2,92.4
2,92.8
2,92.8
2,85.8
2,98.3
2,104.3
2,83.3
2,85.6
2,108
2,79.7
2,105.7
2,110.4
2,94.8
2,98.9
2,122.6
2,93.5
2,114.4
2,100.5
2,111.2
2,89.4
2,111.1
2,92.8
2,82.6
2,87.7
2,94
2,86.1
2,109.3
2,133.1
2,93.4
2,91.7
2,84.7
2,120.7
2,91.9
2,94.4
2,86.3
2,91.6
2,115.2
2,88.6
2,102.3
2,76.8
2,101.5
2,79.9
2,117.1
2,95.9
2,67.8
2,72.9
2,102.5
2,96.5
2,127.5
2,105.6
2,90.7
2,101
2,103
2,93.6
2,106
2,107.2
2,91.5
2,111.4
2,85.3
2,112
2,106.3
2,104.2
2,116
2,90
2,113.6
2,119.2
2,82
2,73
2,95.4
2,80.5
2,75.6
2,132.4
2,116.5
2,115.6
2,101.9
2,83.1
2,119.5
2,91.4
2,89.4
2,104.4
2,109.9
2,111.6
2,100.6
2,75
2,84.7
2,75.8
2,95.3
2,119.6
2,87.7
2,88.9
2,116.8
2,102.8
2,90.3
2,108.1
2,106.3
2,101.4
2,77.3
2,96.5
2,109.9
2,101.4
2,100.7
2,69.3
2,100.3
2,104
2,69.3
2,103.7
2,80.6
2,108.5
2,117.1
2,105.9
2,123.1
2,99.9
2,110.6
2,97.1
2,116.8
2,93.4
2,94.1
2,113.8
2,113
2,112.2
2,101.3
2,92.7
2,85.4
2,112.3
2,104.6
2,108.7
2,84
2,121.9
2,84.7
2,100.3
2,89.2
2,101.8
2,122.4
2,125.7
2,110.5
2,88
2,87.1
2,112.4
2,99.3
2,118.3
2,72.7
2,110.7
2,91.6
2,86.4
2,102.9
2,98.9
2,75
2,103.8
2,113.4
2,86.4
2,113.2
2,108.8
2,94.4
2,81.3
2,94.7
2,103
2,111.3
2,90
2,98.9
2,108.7
2,111.3
2,113.5
2,92.8
2,99.6
2,97
2,98.5
2,98.7
3,114
3,110.6
3,102.2
3,88.6
3,75
3,84.5
3,113.8
3,69.5
3,86.1
3,89.8
3,96.8
3,84.1
3,105.4
3,126.1
3,105.3
3,123.3
3,97.3
3,114.1
3,81.9
3,89.5
3,116
3,121.5
3,90.6
3,96.9
3,109.8
3,121.7
3,106.9
3,104.9
3,130.3
3,80.2
3,80.6
3,94.9
3,93.5
3,101.6
3,102.2
3,85.8
3,81.4
3,92.8
3,102.9
3,90.8
3,97.2
3,98.1
3,82.3
3,120.9
3,96.5
3,115.4
3,85.7
3,73.8
3,113.2
3,105
3,101.4
3,112.5
3,99.5
3,81.5
3,120.9
3,101.9
3,100.2
3,123.9
3,96.9
3,86.1
3,109
3,87.7
3,106.4
3,99.3
3,119.2
3,107.4
3,112.8
3,96.4
3,76.8
3,107.8
3,96.5
3,80
3,97.7
3,89.3
3,101.4
3,106.1
3,108.8
3,103.4
3,93.6
3,99.7
3,124.9
3,83.4
3,107.8
3,110.2
3,101.9
3,99.1
3,105.6
3,86.3
3,100
3,88.1
3,111.4
3,117.5
3,98.1
3,94.4
3,117.5
3,83.3
3,80.6
3,125
3,78.2
3,119.1
3,106.5
3,114.3
3,72.9
3,81.7
3,98.2
3,110.8
3,94.2
3,114
3,97.6
3,91.6
3,95.9
3,85.9
3,78.6
3,95.3
3,89.4
3,82.9
3,105.3
3,127.2
3,109.9
3,97.6
3,112.9
3,105.3
3,118.1
3,95.3
3,122.8
3,87.9
3,76
3,100.9
3,86.8
3,92.6
3,115.1
3,92.9
3,104
3,78.5
3,128.2
3,102.9
3,109.8
3,80.2
3,85.7
3,113
3,94.7
3,93.2
3,117.8
3,93
3,89.9
3,117.7
3,96.8
3,118.2
3,79.2
3,79.9
3,87.8
3,118
3,104.6
3,99.1
3,93.4
3,87.8
3,79.8
3,110.5
3,92.1
3,90
3,96
3,102.3
3,114.9
3,102.1
3,72.3
3,86.3
3,89.8
3,83.7
3,120.3
3,115.2
3,72.8
3,80.3
3,109
3,108.6
3,91.3
3,114.5
3,106.4
3,109.4
3,78
3,99.3
3,102.6
3,86.6
3,107.8
3,90.7
3,103.9
3,103.1
3,100.7
3,86.2
3,107.6
3,115.4
3,112.8
3,105.5
3,103.8
3,116.7
3,97.8
3,99
3,96.7
3,108.1
3,101.4
3,84
3,100.5
3,118.6
3,104.5
3,82.8
3,86.1
3,110.1
3,100.2
3,94.4
3,99
3,116.4
3,117.9
3,107.1
3,95.8
3,111.7
3,129.9
3,119.1
3,109.7
3,98.6
3,98
3,86.9
3,97.1
3,93.4
3,108.2
3,91.7
3,102.7
3,93.4
3,103
3,109.2
3,103.3
3,94.3
3,100.3
3,107.6
3,96.8
3,101.2
3,118.4
3,96
3,106.5
3,108.1
3,108.3
3,112.9
3,115.7
3,98.4
3,91.4
3,85
3,109.5
3,104.2
3,96.5
3,109.7
3,106.1
3,98.8
3,91.8
3,108.4
3,97.4
3,99.6
3,135.3
3,104.7
3,88.4
3,91.7
3,113.3
3,93.9
3,109.1
3,86.9
3,110.3
3,96.4
3,84.2
3,115.3
3,98.1
3,124.1
3,93.9
3,108.2
3,98.7
3,97.9
3,116.2
3,104.5
3,99.5
3,108.1
3,111.5
3,87.3
3,122.5
3,86.9
3,82.2
3,111.1
3,101.1
3,80.8
3,104.9
3,102.6
3,103.5
3,116.2
3,98.8
3,92.8
3,107.9
3,117.4
3,98.6
3,97.3
3,67.7
3,118.8
3,86.8
3,97.6
3,101.2
3,100.2
3,104.8
3,96
3,123.8
3,95.4
3,99.1
3,97.2
3,114.1
3,107
3,90.1
3,99.3
3,95.8
3,100.8
3,84.1
3,91.1
3,105.8
3,78.7
3,105.3
3,86.7
3,102.5
3,105.8
3,94.6
3,93.9
3,105.1
3,90.9
3,101.8
3,130
3,101.6
3,85.2
3,78.7
3,111.6
3,107
3,76.1
3,86.8
3,107.5
3,94.1
3,112.7
3,122.2
3,104.2
3,91.4
3,84.9
3,80.5
3,115.6
3,109.6
3,108.3
3,98
3,89.3
3,104.2
3,88.6
3,109
3,90.5
3,88.7
3,90.2
3,94.6
3,108.8
3,111.2
3,120.8
3,99.7
3,96.5
3,88
3,93.7
3,90.5
3,109.2
3,110.5
3,83.4
3,65.8
3,116.7
3,102.1
3,115.1
3,121.5
3,110.6
3,118.4
3,99.7
3,120.4
3,83.8
3,83.6
3,110.1
3,91.3
3,119.3
3,108.7
3,80.2
3,91.2
3,108.1
3,100.9
3,93.1
3,116.6
3,89.3
3,105.9
3,116.7
3,95.7
3,111.2
3,105.8
3,83.3
3,124.8
3,95.8
3,76.2
3,108.5
3,99.9
3,103.4
3,106.8
3,65.9
3,99.4
3,91.6
3,82.1
3,98.1
3,94.5
3,105.6
3,72.8
3,97.5
3,110.1
3,95.7
3,89.9
3,70.8
3,96.3
3,107.7
3,101
3,106.6
3,120
3,107.5
3,85
3,94.4
3,95.9
3,112
3,104.7
3,82.2
3,77.1
3,105
3,102.2
3,77.4
3,86.7
3,105.4
3,73
3,104.4
3,103.1
3,105.3
3,98.6
3,110.2
3,119.4
3,82.5
3,69.1
3,96.4
3,89.5
3,105.1
3,110.5
3,111.7
3,105.3
3,83.4
3,112.8
3,93.4
3,108.1
3,104.7
3,101.6
3,105.6
3,90.3
3,98.3
3,109.9
3,97.8
3,101.7
3,90.7
3,99.6
3,99.7
3,110.3
3,99.6
3,110.9
3,106.6
3,116
3,103.3
3,106.1
3,106
3,91.4
3,114.5
3,102.1
3,90.9
3,108.3
3,106.6
3,100.2
3,97.8
3,93.5
3,76.1
3,89
3,91.8
3,75.3
3,103.8
3,89
3,90.9
3,107.3
3,95.5
3,112
3,116
3,109.6
3,95.1
3,101.1
3,103.4
3,113.2
3,82.5
3,87.7
3,103
3,100.6
3,110.5
3,117
3,97.8
3,108.1
3,94.3
3,100.2
3,117.7
3,115.9
3,80.3
3,121.4
3,107.3
3,95.4
3,97.2
3,106.9
3,90.5
3,119.7
3,102.9
3,116.4
3,101.8
3,77.8
3,112
3,80.7
3,88.8
3,84
3,96.3
3,100.7
3,118.8
3,111.6
3,70
3,105.7
3,93.5
3,95.7
3,90.1
3,101.9
3,90.7
3,117.1
3,92.6
3,107.7
3,97.6
3,94.8
3,95.9
3,95.9
3,97.2
3,101.8
3,94.5
3,117.4
3,114.5
3,98.3
3,107.8
3,103.1
3,90
3,112.3
3,143.6
3,87.5
3,100.7
3,99.4
3,92.4
3,101.4
3,122.3
3,106.1
3,108.3
3,106.2
3,99.8
3,96.6
3,98.1
3,114.7
3,89.8
3,101.9
3,100.7
3,115
3,100.2
3,134.1
3,111.3
3,109.9
3,86.4
3,98.4
3,88.2
3,86.4
3,112.5
3,86.7
3,101.5
3,115.6
3,82.4
3,88.6
3,88.5
3,85.8
3,87.6
3,103.2
3,129.3
3,123.3
3,119.1
3,93.4
3,112
3,108.3
4,82.7
4,82.1
4,87.9
4,116.9
4,91.1
4,93.5
4,102
4,102.7
4,98.4
4,108.9
4,141.8
4,106.7
4,99.2
4,124.4
4,100
4,96.3
4,99.8
4,75.8
4,89.8
4,107.7
4,104.7
4,90.1
4,113.8
4,64.6
4,82.5
4,100.7
4,84.5
4,101
4,110.9
4,74
4,109.1
4,88.3
4,95.2
4,85.2
4,94.1
4,82.8
4,87.5
4,109.6
4,104.2
4,111.3
4,88.4
4,104.9
4,85.9
4,100.8
4,90.4
4,92.8
4,87.1
4,82.9
4,96.3
4,92.9
4,75.2
4,119.4
4,116
4,136.8
4,93
4,101.8
4,106.3
4,110.6
4,87
4,79.9
4,85.6
4,90.5
4,116.5
4,104.4
4,103.3
4,95.6
4,87.9
4,88.6
4,105.5
4,112.3
4,79
4,107.1
4,116.2
4,100.8
4,97
4,90.4
4,83.2
4,106.1
4,113.5
4,95.1
4,106.4
4,102.9
4,103.6
4,61.2
4,93
4,101.7
4,95.1
4,111.6
4,76.8
4,85.4
4,103.2
4,95.3
4,95.6
4,104.9
4,93.8
4,115.5
4,93.4
4,97.2
4,81.5
4,127.2
4,114
4,104.9
4,87.8
4,95.5
4,100.7
4,116.8
4,103.2
4,98.4
4,94.9
4,81.3
4,96.9
4,80.6
4,102.6
4,106
4,121.1
4,86.4
4,94.2
4,87.8
4,103.1
4,101.4
4,92.5
4,103.1
4,97.8
4,97.3
4,117.6
4,104.7
4,108.7
4,102.7
4,118.8
4,63
4,115.2
4,100.8
4,92.6
4,100.9
4,120.9
4,84.4
4,101
4,116.1
4,92.5
4,100.1
4,111.5
4,93.1
4,136.7
4,102.9
4,111.3
4,78.8
4,118.3
4,99.1
4,108.2
4,129.4
4,91
4,74.4
4,98.3
4,84
4,110.1
4,86.8
4,88.5
4,100.4
4,86.7
4,107.9
4,80.8
4,103.6
4,100.5
4,99
4,71.3
4,120.3
4,124
4,95.2
4,89.4
4,94.7
4,82.5
4,120.3
4,107.4
4,86.8
4,96.9
4,111
4,98
4,103.5
4,96.2
4,102.3
4,109.4
4,107.3
4,107.7
4,105
4,94.2
4,121.2
4,103.2
4,84.8
4,99.2
4,97.3
4,85.1
4,91.3
4,98
4,105.3
4,89
4,102.8
4,93.4
4,98.7
4,135
4,90.8
4,103.1
4,89.9
4,103.5
4,86.9
4,89.2
4,95.7
4,98.7
4,126.4
4,80.4
4,83.6
4,91.6
4,91.5
4,101.3
4,114.5
4,85.2
4,106.6
4,91.1
4,107.9
4,103.3
4,111.6
4,100
4,77.3
4,108.8
4,94
4,84.2
4,81.5
4,91.7
4,122.6
4,106.2
4,110.9
4,95.9
4,84.3
4,114.7
4,87.1
4,73.7
4,107.7
4,97.1
4,97.5
4,108.9
4,103.3
4,90.3
4,97.5
4,94.6
4,93.3
4,74.4
4,89.1
4,95
4,82.4
4,83.7
4,100.2
4,110.2
4,117.3
4,99.2
4,106.8
4,112.2
4,97.8
4,80.3
4,112.9
4,86.6
4,114
4,113.9
4,101.4
4,90
4,87.4
4,106.4
4,89.4
4,104.6
4,110.3
4,119
4,98.4
4,83.7
4,94.6
4,106.4
4,98.3
4,107.4
4,115.2
4,75.9
4,86.6
4,109.2
4,123
4,106.7
4,66
4,105.5
4,95.5
4,84.1
4,97.1
4,95.6
4,93.1
4,108.5
4,106.7
4,106.2
4,88.3
4,108.9
4,119.1
4,108.6
4,122.5
4,92.2
4,85.2
4,104
4,116.4
4,92.7
4,99
4,87.6
4,108.8
4,82.9
4,95.7
4,106.7
4,95.9
4,104.3
4,126
4,98.8
4,116
4,132.4
4,98.3
4,105.8
4,120.5
4,120.6
4,99.8
4,104.4
4,108.6
4,95.2
4,113.5
4,78.3
4,107.8
4,123.7
4,86.9
4,102.2
4,82.6
4,92.5
4,99.5
4,85.3
4,93.1
4,67.6
4,100
4,111.4
4,100.9
4,89.9
4,104.4
4,84.6
4,79.7
4,117.4
4,83.9
4,79
4,70.1
4,105.3
4,111.6
4,100.2
4,71.2
4,99.5
4,107.2
4,101.1
4,112.3
4,80.5
4,82.1
4,94.9
4,113.2
4,67.7
4,92.1
4,100.2
4,94.3
4,110.9
4,96.2
4,102
4,95.4
4,96.9
4,109.1
4,92.7
4,85.5
4,93.4
4,106.5
4,98.9
4,101.8
4,92.7
4,95.4
4,104.7
4,95
4,133.4
4,92.6
4,103.7
4,109.3
4,95.6
4,124.2
4,101.6
4,87.7
4,101
4,112.9
4,115.8
4,94
4,110.1
4,101
4,95.6
4,93.8
4,118.9
4,98.3
4,110.4
4,93.4
4,96.1
4,100.8
4,94.8
4,90.8
4,91.2
4,97.2
4,82.6
4,112.1
4,116
4,101.4
4,89.3
4,98.1
4,100.8
4,125.6
5,95.5
5,103.8
5,95.1
5,100
5,107
5,85.4
5,107.6
5,87
5,118.1
5,113.7
5,105.9
5,100.6
5,91.8
5,88.8
5,108
5,125.8
5,77.2
5,83.8
5,101.1
5,89.3
5,87.4
5,75.9
5,118.5
5,106.4
5,108.4
5,91.9
5,89
5,97.4
5,97.7
5,81.6
5,111.3
5,98.3
5,117.1
5,76.1
5,97.7
5,110.4
5,106.1
5,103.6
5,79.3
5,116.8
5,111.9
5,112.1
5,97.4
5,83.9
5,109
5,119.2
5,70.6
5,95.1
5,109.9
5,86.6
5,108.3
5,86.3
5,122
5,126.4
5,98.9
5,82.5
5,94.4
5,103.7
5,133.4
5,99.4
5,98.6
5,127.2
5,115.8
5,99
5,95.5
5,116.5
5,120
5,100.8
5,77.2
5,126.5
5,102.5
5,106.8
5,90.5
5,109
5,88.6
5,102.9
5,73.1
5,120.2
5,74.1
5,97.2
5,115
5,89.2
5,103
5,83.7
5,81.7
5,101.4
5,126.9
5,55.3
5,119.2
5,114.3
5,77.6
5,119.2
5,107.7
5,110
5,84.1
5,109.6
5,98.1
5,97.4
5,98.5
5,79.7
5,119.7
5,89.8
5,88.2
5,93.1
5,99.4
5,116.5
5,82
5,98.5
5,121.1
5,86
5,94.3
5,106.2
5,98
5,118.3
5,117.1
5,105.2
5,106.2
5,90.9
5,99.9
5,96.6
5,81.1
5,86.5
5,101.3
5,87.3
5,120.8
5,104.2
5,104.6
5,105.3
5,128
5,104.7
5,89.9
5,121
5,83.2
5,120.6
5,89.1
5,119.9
5,122.5
5,109.3
5,89.1
5,82.1
5,74.7
5,99.9
5,95.7
5,89.6
5,104.7
5,99.2
5,101.9
5,89.9
5,96.3
5,88.1
5,113.5
5,98.1
5,92.4
5,124.4
5,86.2
5,104.8
5,112.6
5,83.4
5,123.7
5,111.7
5,87.2
5,104.5
5,107.3
5,105.8
5,107.4
5,109.8
5,102.9
5,89.5
5,108.1
5,98.8
5,119.3
5,113.9
5,79.7
5,76.6
5,96.4
5,90.5
5,91.5
5,124.3
5,92.8
5,83.3
5,144.3
5,96.8
5,99.4
5,125
5,110.1
5,89.6
5,87.1
5,98.5
5,74.7
5,77.7
5,91
5,81.2
5,97.7
5,104.5
5,108.5
5,81.2
5,111.5
5,105.7
5,75.8
5,77
5,107.5
5,112.4
5,84
5,82.3
5,93.8
5,112.9
5,89.1
5,83.2
5,104.6
5,98.2
5,101.2
5,97
5,105.2
5,89
5,87.3
5,102.4
5,105.3
5,101.1
5,112.8
5,118.3
5,88.5
5,105.7
5,117.2
5,82.3
5,106.3
5,103
5,81.4
5,88
5,111.7
5,105.7
5,89.6
5,118
5,95.3
5,90.9
5,101.3
5,96.7
5,112.4
5,99
5,96.2
5,84.3
5,87.4
5,113.3
5,107.9
5,94.4
5,114.6
5,88.6
5,68.6
5,104.7
5,106.4
5,106.6
5,107.4
5,97.6
5,91.1
5,125.3
5,100.5
5,117.6
5,102
5,103.9
5,103.4
5,83.5
5,109.3
5,106.5
5,108.4
5,126.7
5,95.2
5,116.6
5,111.3
5,99.6
5,108
5,89.4
5,128.6
5,132.3
5,114.5
5,93
5,107.4
5,91.9
5,85.6
5,94.1
5,118.6
5,111.2
5,107.3
5,104.2
5,105.2
6,94.2
6,98.5
6,106.7
6,116.5
6,96.3
6,93.3
6,102.9
6,94.7
6,102
6,65.1
6,99.4
6,105
6,107.8
6,104.7
6,98.3
6,99.9
6,112.2
6,96.7
6,107
6,97.2
6,87.4
6,93.4
6,104.3
6,86.7
6,97.8
6,103.2
6,103.9
6,104.4
6,92
6,100
6,88.8
6,83.6
6,78.8
6,111.5
6,118.1
6,106.1
6,108.7
6,104.9
6,89.3
6,100.5
6,89.1
6,101.3
6,100.1
6,68.3
6,90.6
6,105.7
6,124.3
6,92.5
6,98.8
6,91.1
6,104.4
6,87.9
6,114
6,81
6,98.3
6,105.6
6,120
6,123
6,107.1
6,117.3
6,79.3
6,109.9
6,91.4
6,115.9
6,111.3
6,99.4
6,92.8
6,106.1
6,115.5
6,111.4
6,101
6,83.4
6,90.9
6,88.3
6,114.3
6,104.3
6,101.7
6,107.9
6,117
6,98.7
6,108
6,98.7
6,85.9
6,77.3
6,75
6,90.4
6,84.7
6,108.5
6,108.8
6,80.1
6,101.7
6,98.3
6,80.2
6,99.2
6,100.3
6,125.4
6,100.5
6,97.4
6,80
6,96.4
6,117.5
6,107.5
6,99.8
6,91.7
6,101.1
6,101.2
6,121.7
6,100.1
6,95
6,97.6
6,109.2
6,97.1
6,118.2
6,101.8
6,110.2
6,84
6,95.1
6,82.4
6,89.3
6,111.6
6,92.7
6,106.5
6,108.7
6,106.8
6,87.4
6,96.7
6,118.6
6,91.1
6,110.9
6,102.9
6,63
6,94.4
6,93.3
6,103.7
6,93.3
6,91.6
6,96.7
6,98.5
6,107.6
6,131.3
6,97.7
6,97.7
6,96.2
6,91.9
6,101.6
6,99.7
6,98.5
6,94
6,96.9
6,92
6,75.5
6,111.4
6,110.7
6,99.1
6,92.8
6,98.8
6,102.7
6,97
6,100.7
6,95
6,93.8
6,104.9
6,116
6,82.4
6,106.1
6,103.6
6,92.4
6,107.4
6,106.7
6,86.3
6,113.9
6,115.4
6,109.5
6,76.1
6,90.3
6,90.4
6,90.3
6,102.3
6,89.2
6,101.6
6,79.9
6,90.6
6,98.4
6,120.9
6,109.9
6,88.1
6,86.4
6,93.8
6,124.7
6,86.4
6,98.7
6,95.9
6,104.2
6,80
6,112.2
6,83.3
6,104.2
6,103.8
6,90.5
6,101.3
6,90.1
6,98.2
6,82
6,101.3
6,66.2
6,99.1
6,100.6
6,80.6
6,98.3
6,90.8
6,102.2
6,124.9
6,88
6,111
6,120.7
6,95.2
6,122.5
6,85.5
6,98.5
6,103.8
6,115.9
6,84.4
6,100.4
6,89.9
6,85.3
6,93.4
6,89.8
6,107.4
6,92.6
6,85.8
6,110.9
6,84.1
6,121.9
6,77.3
6,94.5
6,105.4
6,93.3
6,81.5
6,95.9
6,95.4
6,111
6,81
7,91.5
7,97
7,80.5
7,78.3
7,120
7,101
7,100.8
7,93.8
7,108.4
7,80.6
7,94.5
7,119.8
7,91.9
7,77
7,89.1
7,100.9
7,106.6
7,121.3
7,87.7
7,114.5
7,91.2
7,80.2
7,119.9
7,109.3
7,101.7
7,102.2
7,98.5
7,106.2
7,84.6
7,99.1
7,83.9
7,96.6
7,103.1
7,103.5
7,70.6
7,102.4
7,92.9
7,77.2
7,106.4
7,114.4
7,95.1
7,95.8
7,81.9
7,83.1
7,95
7,101.1
7,115.8
7,116.9
7,123.5
7,117.3
7,106.1
7,102.4
7,79.5
7,71.4
7,124.4
7,122.1
7,97.9
7,103.2
7,87.4
7,108.5
7,80.9
7,95.3
7,87.6
7,93.6
7,90
7,96.7
7,93.9
7,117.3
7,100.6
7,112.6
7,111.5
7,91.9
7,101.9
7,112.8
7,92.8
7,113.5
7,91.7
7,120.3
7,113.3
7,88.9
7,115
7,104.9
7,111
7,108.7
7,93.9
7,83.8
7,84.9
7,77.2
7,81.7
7,113
7,92.9
7,94
7,68.8
7,89.9
7,86
7,100.4
7,78.1
7,104.1
7,109.6
7,96.5
7,91.6
7,99.4
7,103.5
7,94.6
7,93.4
7,102.1
7,95.3
7,87.1
7,85.5
7,107.8
7,97.4
7,104.6
7,118.9
7,98.3
7,92.7
7,76.5
7,98.8
7,95.5
7,79.3
7,90
7,100.8
7,96.3
7,89.8
7,90.5
7,96.6
7,85.8
7,107.5
7,90.8
7,110.2
7,116.1
7,124.1
7,82.9
7,123.4
7,113.5
7,97.8
7,86.9
7,111.2
7,98.5
7,100.8
7,119
7,105.3
7,96.3
7,113.5
7,98.4
7,93.7
7,119.1
7,99
7,103.7
7,102
7,124.8
7,89.4
7,115.8
7,108.2
7,94.3
7,106.7
7,94.4
7,112
7,111.2
7,107.9
7,92.4
7,93.7
7,110.9
7,75.8
7,118.8
7,100.6
7,97.4
7,85.7
7,99.2
7,98.3
7,97.6
7,113.8
7,106.4
7,113.4
7,97.9
7,100.6
7,108
7,116.3
7,100.5
7,110
7,100.7
7,95.5
7,121.5
7,104.8
7,105.1
7,118.2
7,104.9
7,102.9
7,104.5
7,86.5
7,100.2
7,96.3
7,104.9
7,101.1
7,117.9
7,87.2
7,102.9
7,108.4
7,105.9
8,89.3
8,95.8
8,94.7
8,113.7
8,114.8
8,106.9
8,107.1
8,114.3
8,97
8,82.8
8,94.5
8,98.3
8,104.6
8,73.8
8,70.5
8,113.4
8,96.4
8,105
8,105.5
8,84.4
8,83.9
8,99.9
8,89.1
8,98.5
8,114.7
8,93.5
8,111.6
8,97.2
8,124.4
8,95.4
8,114.5
8,113.6
8,114.2
8,101.3
8,72.3
8,112.7
8,88.5
8,95
8,116.8
8,103
8,101.6
8,93.3
8,111.8
8,104.4
8,99.4
8,106.4
8,92.7
8,107.7
8,89.2
8,112.2
8,109.7
8,100.2
8,98.4
8,85.9
8,82.7
8,121.2
8,92.2
8,99.1
8,108.1
8,100.5
8,94.8
8,121.3
8,104.6
8,93.9
8,107.4
8,98.6
8,109
8,101.6
8,104.2
8,97.9
8,108.6
8,102.6
8,109
8,122
8,83.7
8,121.5
8,107
8,90.3
8,98.4
8,125.2
8,107.1
8,88.9
8,89.1
8,109.6
8,115.2
8,97.6
8,91.6
8,97.4
8,90.8
8,91.6
8,102.1
8,90.8
8,81.1
8,116.1
8,88.6
8,84.7
8,112.9
8,102.8
8,122.5
8,90.8
8,101.7
8,118.6
8,115.4
8,80.1
8,92.7
8,95
8,105.5
8,119.5
8,82.8
8,79.2
8,95
8,105.3
8,80
8,102.4
8,114.3
8,119.6
8,96.8
8,75.7
8,98
8,101
8,119.3
8,89.1
8,90
8,109.9
8,94.5
8,92.6
8,110.7
8,86.4
8,107.8
8,110.8
8,98.1
8,109
8,101.1
8,74.5
8,108.8
8,93.9
8,89.7
8,87.6
8,85.7
8,114
8,91.5
8,99.5
8,93.8
8,115.1
8,106.2
8,126.5
8,91.3
8,97.5
8,95.1
8,101.3
8,104.9
8,111
8,100.3
8,92.2
9,86.1
9,111.3
9,107.8
9,89.3
9,90.9
9,81.1
9,106.4
9,101.1
9,97.7
9,98.3
9,90.1
9,112.1
9,96.6
9,113.1
9,98.5
9,118.2
9,96.4
9,85.7
9,96.2
9,88.9
9,115.6
9,113.1
9,74.4
9,72.3
9,91.3
9,91.6
9,119.8
9,105.8
9,115.3
9,96.9
9,100.2
9,91.8
9,95.8
9,105.5
9,97.5
9,105.1
9,101.3
9,96.7
9,73.5
9,108.4
9,119
9,75
9,101.6
9,92
9,109.7
9,95
9,92.4
9,93.3
9,97.7
9,75.7
9,109.9
9,92.7
9,103.2
9,91
9,84.3
9,93.9
9,93.9
9,110.5
9,76
9,108.9
9,89.8
9,86.5
9,96.7
9,117.2
9,109.3
9,86.7
9,114.4
9,104.9
9,86.6
9,106
9,78.6
9,81.7
9,121.7
9,110.5
9,85.5
9,111.3
9,71.2
9,91.2
9,85.9
9,79.9
9,114.5
9,85.1
9,110.3
9,109.3
9,92.8
9,112.9
9,95.4
9,91.7
9,94.8
9,105.5
9,98.5
9,104
9,105
9,82.5
9,92.5
9,101.3
9,106.5
9,97.5
9,101.1
9,93.9
9,108.7
9,130.9
9,80.5
9,99.9
9,122.1
9,110.4
9,93.7
9,89.8
9,106.8
9,89.6
9,99.5
9,88.9
9,92.9
9,131.1
9,109.1
9,111.8
9,83
9,98.8
9,93.5
9,96.3
9,105.8
9,122.7
9,88.5
9,77.4
9,108.7
9,114.1
9,88.4
9,92.3
9,118.9
9,99.2
9,103.9
9,104.3
9,112.5
9,96.6
9,111.4
9,82.8
9,107.1
10,95.5
10,88.4
10,101.9
10,108.5
10,107.9
10,85.5
10,101.6
10,100.2
10,97.5
10,104.1
10,104.7
10,102.9
10,79.1
10,110.2
10,124.5
10,90.6
10,94.1
10,119.3
10,85.4
10,98
10,97
10,102.7
10,109.5
10,104.7
10,105.5
10,94.4
10,96.6
10,95.5
10,89.8
10,94
10,101.3
10,105.3
10,74.6
10,114
10,118.6
10,82.5
10,98.2
10,116.1
10,80.6
10,79.2
10,93.3
10,108.6
10,75.1
10,92.1
10,80.1
10,124.4
10,84.8
10,105.6
10,98.5
10,96.4
10,79.2
10,75.2
10,80
10,95.2
10,95.8
10,106.1
10,123.5
10,107.7
10,95.7
10,114.4
10,106
10,81
10,110
10,98.8
10,120.2
10,116.3
10,106.8
10,81.8
10,97.7
10,119.5
10,89.7
10,100.8
10,140.8
10,121.7
10,121.3
10,97.7
10,104.6
10,91.5
10,97.9
10,90.8
10,102.4
10,125.2
10,86.1
10,113.2
10,116.8
10,91.4
10,99.8
10,104.3
10,123.6
10,117.2
10,89
10,118.7
10,114.4
10,90.9
10,104.2
10,122.8
10,85.5
10,85.7
10,113.2
10,124.1
10,87.3
11,109.7
11,100.5
11,122.5
11,104.1
11,110.5
11,123.9
11,93.4
11,86.7
11,80.7
11,87.5
11,119.5
11,81
11,78.6
11,105.8
11,99.8
11,130.3
11,88.1
11,91.4
11,89.9
11,100.7
11,82.9
11,99.8
11,74.1
11,97.8
11,96.6
11,90.8
11,104.2
11,89.1
11,102.8
11,107.5
11,101.2
11,96.2
11,95.3
11,99.2
11,85.3
11,103.5
11,69.9
11,107.5
11,129.6
11,102.2
11,79.4
11,87.9
11,86
11,104.3
11,86.4
11,87.4
11,103.8
11,105.4
11,105.7
11,93
11,117.4
11,90.3
11,132.7
11,107.8
11,88.6
11,81.5
11,115.2
11,112.2
11,77.9
11,98
11,68.3
11,99.5
11,95.9
11,97
11,100.1
11,104
11,96.5
11,108.3
11,108.1
11,122.4
11,122.9
11,96.1
11,99
11,93.4
11,94
11,91.6
11,86
11,112.5
11,102.3
11,108.4
11,77.7
11,106
11,123
11,93.8
11,105.9
11,113.9
11,114.1
11,110.5
11,110.2
11,83
11,104.9
11,88.3
11,105
11,84.2
11,114.7
11,98.5
11,120.6
11,87.6
11,85.8
12,94.3
12,85.4
12,95.1
12,95.9
12,90.3
12,104.4
12,102.5
12,122.7
12,109.2
12,85.1
12,91
12,96.5
12,107.6
12,81.3
12,97.3
12,99.5
12,82.1
12,86.4
12,74.1
12,91.5
12,92.8
12,89.8
12,95.5
12,102.8
12,92
12,99.3
12,105.5
12,137.9
12,93.1
12,81.7
12,121.2
12,96.6
12,105.8
12,120.6
12,89.6
12,92.3
12,123.1
12,92.1
12,76.5
12,98.5
12,98.7
12,76.6
12,86.9
12,115.6
12,77.8
12,103.4
12,80.7
12,105.9
12,98.8
12,57.6
12,95.8
12,122.3
12,103.6
12,106.4
12,110.7
12,90.8
12,98
12,109.4
12,97.1
12,103.9
12,95.2
12,104.5
12,104
12,100.7
12,84.2
12,114.6
12,79.4
12,104.4
12,84.8
12,101.3
12,98.7
12,113.5
12,90.3
12,92.3
12,111.9
12,76.8
12,74.4
12,93.2
12,101.3
12,91.6
12,119.7
12,58.2
12,92.3
12,107.1
12,126.8
12,91.4
12,106.6
12,94.3
12,130
12,92.4
12,105.2
12,105.6
12,91.3
12,74.1
12,116.3
12,91
13,118.5
13,117.8
13,100.8
13,100.8
13,83.6
13,94.3
13,100.4
13,100.3
13,90.2
13,95.8
13,106.6
13,106.3
13,116.9
13,89.9
13,105.9
13,78.3
13,111.1
13,88.3
13,134.6
13,117.7
13,98.7
13,79.5
13,109.3
13,99.3
13,92.5
13,74.5
13,85.4
13,80.7
13,86.4
13,107.2
13,95.1
13,97.7
13,125.2
13,95
13,79.4
13,93.1
13,95.8
13,110.8
13,78
13,102.3
13,102.7
13,106.4
13,127.1
13,87
13,111.1
13,73.3
13,104.9
13,80.6
13,129.3
13,115.5
13,97.1
13,120.6
13,109.6
13,110.8
13,103.4
13,90.7
13,109.4
13,106.5
13,90.4
13,89.3
13,95.7
13,112.8
13,97
13,91.4
13,88.6
13,102.3
13,112.5
13,102.6
13,79.4
13,99.5
13,102.2
14,123
14,94
14,101
14,119.5
14,110.6
14,94.6
14,107
14,87.4
14,111.8
14,120.8
14,82.1
14,93.5
14,102.5
14,93.5
14,101.8
14,115
14,105.2
14,118.4
14,105.1
14,115.9
14,103.3
14,119.6
14,116.2
14,92
14,112.1
14,108.6
14,116.2
14,91.5
14,111.2
14,102.2
14,83.6
14,118.1
14,83.5
14,94.8
14,112.7
14,81.7
14,99.3
14,99.2
14,89.9
14,106.9
14,82.2
14,106.1
14,114.2
14,88.9
14,92.9
14,116.9
14,107.6
14,116.7
14,79.1
14,114.3
14,88.4
14,95.5
14,94.4
14,102.9
14,118.3
14,111.1
14,98.8
14,97.5
14,115.4
14,124.5
14,109.5
14,99.3
14,90.4
14,114.1
14,95.7
14,109.8
14,78.1
14,93.5
15,113.7
15,79.9
15,111.9
15,99.4
15,99.1
15,96.6
15,115.5
15,111.5
15,91.2
15,92.8
15,117.3
15,96.1
15,83.9
15,87.8
15,87.5
15,91.3
15,98.8
15,91
15,114
15,128.8
15,106.3
15,95.1
15,101.6
15,90.6
15,97.1
15,98.1
15,90.1
15,108.4
15,105.7
15,99.4
15,116.9
15,113
15,81.5
15,87.3
15,106.7
15,85.9
15,101.9
15,110.7
15,100.7
15,105
15,101.4
15,101.1
15,82.1
15,94.6
15,108
15,111.9
15,99.8
15,98.1
15,89.4
15,74.8
15,101.2
15,119.2
15,90.1
15,123.4
15,93.7
15,102.2
15,97
15,133.2
15,75.7
15,101.3
15,82.7
15,87.5
15,83.8
15,104.8
15,95.9
15,99.3
15,95.9
16,99.9
16,93
16,101.5
16,118.9
16,98.4
16,91.6
16,107.4
16,106.1
16,101.6
16,86.7
16,96.4
16,90.8
16,117.8
16,98.1
16,94.6
16,95.6
16,115.7
16,105.2
16,85.5
16,89.5
16,92.7
16,91.2
16,124.2
16,99.1
16,82.7
16,120
16,109.4
16,75.7
16,116
16,92.3
16,112.3
16,98.9
16,83.6
16,87.3
16,88.9
16,99.3
16,97.4
16,108.6
16,121
16,99.3
16,71.8
16,81.4
16,92.9
16,116.7
16,90.7
16,92.2
16,82.2
16,94.1
16,65.5
16,100.6
16,98.7
17,86.8
17,91.1
17,107.8
17,98.7
17,94.7
17,93.7
17,115
17,102.2
17,105.9
17,93.7
17,107
17,111.7
17,77.7
17,100.7
17,113.7
17,102.1
17,95.4
17,89.6
17,94.7
17,71.1
17,82.9
17,97.5
17,90.6
17,101.7
17,108.2
17,96.1
17,94
17,121.7
17,106.9
17,89.4
17,113.5
17,83.9
17,97.8
17,109.6
17,81.3
17,91.3
17,93.5
17,105.8
17,96.9
17,97.9
17,90.2
17,107.3
17,93.4
17,104.6
17,91.6
17,101.6
17,85.3
17,90.5
17,104
17,79.3
17,91.1
17,112.5
17,118.1
17,120.7
17,89.9
17,97.9
17,119.3
18,119.4
18,111.5
18,106.3
18,95.8
18,90.3
18,89
18,92.3
18,79.5
18,76.6
18,92.4
18,114.6
18,88
18,96.1
18,76.5
18,97
18,109.2
18,91.8
18,101.6
18,75.4
18,115.8
18,124.4
18,110.8
18,116.9
18,99.9
18,110.8
18,109.3
18,113.4
18,115.1
18,100.7
18,107.2
18,110.7
18,100.8
18,119.5
18,99.9
18,102.7
18,109.9
18,91.5
18,95.3
19,90
19,109.7
19,106.5
19,107.7
19,108.8
19,108.2
19,110.4
19,98.5
19,85.9
19,108.2
19,106.9
19,113.1
19,99.3
19,107
19,87.1
19,90.1
19,90
19,93.2
19,90.3
19,70.8
19,82.2
19,110
19,103.8
19,104
19,125.5
19,97.8
19,85.3
19,94.1
19,110.8
19,105.7
19,77.4
19,102.7
19,89.3
19,107.1
19,89.9
20,119.4
20,97
20,106.9
20,97.3
20,100.4
20,106.3
20,109.8
20,87.6
20,84
20,101.9
20,109.9
20,66.9
20,86.7
20,96.5
20,124.7
20,101.7
20,109.5
20,92.2
20,88.1
20,104.3
20,89
20,88.3
20,74.6
20,73.4
20,102.1
20,103.8
20,96.4
20,114.8
21,90
21,101.5
21,83.1
21,102.9
21,89.3
21,118.2
21,108.5
21,95.7
21,114.5
21,119.3
21,108.9
21,97.7
21,111.1
21,86.3
21,78.5
21,108
21,109.5
21,105.5
21,107
21,106.2
21,98.6
21,94.1
21,98.5
21,116.5
21,99.1
21,105.9
21,97.6
21,99.1
21,94.8
21,95.6
21,118.4
21,100.4
21,96.6
22,100.3
22,100
22,106.1
22,102.5
22,101.8
22,123.3
22,68.8
22,127.1
22,101.7
22,103.2
22,102.2
22,90.5
22,85.2
22,81.8
22,120.3
22,92.3
22,86.3
22,93.1
22,71.5
22,88.4
22,108.8
22,93.9
22,93.6
22,97.3
22,95.3
22,111.1
22,92.5
22,82.4
22,114.6
22,93.7
23,96.2
23,89
23,112.8
23,97.5
23,128.3
23,103.7
23,103.9
23,98.2
23,116
23,94.1
23,116.8
23,90.2
23,102.5
23,77.7
23,101.2
23,109.4
23,121.1
23,118.5
23,75.1
23,118.1
23,114.6
23,99.2
23,92.1
23,108.8
23,81.9
23,111.1
23,104.8
23,95.4
23,91
24,106.5
24,94.8
24,98.6
24,117.1
24,93.6
24,102
24,83.3
24,86.7
24,93.6
24,80.6
24,111.1
24,92.1
24,102.3
24,100.1
24,97.2
24,87.1
24,118
24,98
24,96.8
24,104.7
24,83.8
24,82.8
24,103.5
24,106.1
24,113.4
24,90.8
24,82.5
24,86.6
24,84.1
24,106.7
25,110.2
25,87.6
25,120.3
25,106.7
25,113.2
25,95.5
25,99.4
25,88.4
25,109.3
25,96.4
25,131.7
25,102.2
25,124.1
25,88.8
25,106.3
25,109.4
25,87.8
25,109.2
25,102.7
25,104.3
25,82.5
25,119.4
25,106.1
25,114.9
25,87.5
25,107
25,89.2
25,111.8
25,109.8
25,109.2
25,116.4
26,105
26,87.7
26,99.6
26,106.8
26,71.6
26,102.8
26,100.3
26,101.4
26,101.2
26,86.8
26,85.7
26,100.5
26,116.3
26,107.3
26,110.5
26,99.4
27,103.5
27,97.8
27,106.7
27,93
27,100.1
27,102.7
27,119.2
27,86.2
27,94.6
27,88.9
27,103.1
27,90
27,118.8
27,92.1
27,111.9
27,96.7
27,120
27,84.6
27,85.3
27,93.8
28,73.2
28,111.9
28,114.8
28,94.7
28,94.3
28,107.5
28,99.1
28,101.3
28,120.3
28,107.4
28,54.5
28,105.1
28,106.9
28,95.8
28,92.3
28,103.3
28,86.9
28,78.8
28,77.8
28,102.5
29,78.8
29,102.6
29,120.2
29,87.3
29,108.8
29,71.4
29,112.4
29,113.8
29,106
29,93.5
29,99.5
29,88.2
29,110
29,87.4
29,103.2
29,87.9
30,100.3
30,88.5
30,111.8
30,125
30,112.4
30,99.6
30,98.7
30,119.9
30,98
30,103
30,92.5
30,68
30,105.5
30,106.4
30,92.1
31,93
31,88.7
31,108.6
31,94.1
31,116
31,84.8
31,89.6
31,98.7
31,99.8
31,99.6
31,101.8
31,101.9
31,104
31,89.8
31,95
32,97.2
32,96.4
32,96.4
32,94.1
32,76.3
32,107.2
32,102.3
32,97.6
32,106.9
32,107.5
32,78.2
32,106.3
32,95.5
32,88.3
32,102.9
32,108.1
32,110.8
32,117.9
32,91.9
32,84
33,95.6
33,86.2
33,87
33,72.9
33,98.5
33,111.9
33,116.3
33,98.5
33,111
33,113.4
33,87.8
34,106.9
34,99.1
34,108.7
34,110.4
34,99.5
34,81.5
34,68.1
34,91.2
34,95
34,98.8
35,103.1
35,117.2
35,93.6
35,109.5
35,109.4
35,93.7
35,118.4
35,99.9
35,123.9
35,77.3
35,86.7
35,109.3
35,91.2
36,121.8
36,92.7
36,128.4
36,131.9
36,102.2
36,108.6
36,98.7
36,107.7
36,83.5
36,93.6
36,71.1
36,87.1
36,102.8
36,95.6
37,102.7
37,96.6
37,95.5
37,95.2
37,102.6
38,96.4
38,125.3
38,114.7
38,104.7
38,117.4
38,119.7
38,112.4
38,105.9
38,89.9
38,94.3
38,107.7
39,133.9
39,90.8
39,98.7
39,108.4
39,111
39,89.3
39,95.3
39,117.1
39,115.5
39,116.7
39,108.7
40,107.8
40,101.5
40,99.3
40,87.9
40,114.6
40,87.5
40,87.2
40,98.3
40,106.7
40,84.8
40,76.8
41,117.6
41,100.6
41,118.1
41,94.1
41,66
41,87.1
41,115.2
42,108.2
42,89.6
42,76
42,103.2
42,94.9
42,87.9
42,108.9
42,134.8
42,93
43,123.8
43,105.7
43,91.5
43,111.6
43,98
43,92.8
44,101
44,99.7
44,103.7
44,104
44,98.7
45,118.7
45,99.5
45,132.9
45,99.5
45,94.3
45,116.9
45,85.2
45,73.7
45,86.2
45,101.1
45,108.1
46,66.8
46,112
46,108.9
46,101.1
46,106.4
46,68.1
46,122.5
46,99.2
46,90.8
46,106.3
47,80.2
47,103.9
47,113.7
47,103.9
47,127.5
47,89.1
47,108.2
47,96.1
48,111.9
48,95.5
48,118.9
48,94.6
48,111.4
48,112.4
48,105.2
48,95.8
48,114.8
48,111.8
48,104.7
48,116.9
49,82.5
49,79.1
49,89.3
49,114.2
49,73.4
49,108.8
49,90.2
50,96.9
50,95.5
50,93.8
50,120.9
50,106.4
50,73.8
51,114.2
51,74.5
51,103.9
51,91.7
51,78.1
51,91.1
51,102.5
51,81.2
51,103.7
52,105.8
52,125.9
52,115.8
52,102.1
52,125.2
52,99.9
52,86.2
52,102.3
53,101.8
53,81.9
53,96.7
53,90.6
53,94.5
53,107.1
53,96.3
53,99
53,86.4
53,109.7
53,85.3
53,128.8
53,83.7
54,68.1
54,93.7
54,68.1
55,105.2
55,87.7
55,100.5
55,109.3
55,96.5
55,100.2
55,90.1
55,92.8
55,116.5
55,118.9
56,112
56,106.4
56,117.4
56,95.6
56,106.4
56,85.9
56,117.3
57,110.7
57,102.9
57,105.8
57,93.8
57,105.4
57,105.9
57,86.6
57,102.1
58,107.5
58,96.1
58,108.7
58,116.3
58,112.1
58,111.2
58,100.8
58,113.7
59,88.3
59,82.9
59,63.8
59,93.8
59,108.1
60,85.4
60,91.1
60,98.6
60,89.4
60,90.9
60,97.8
60,105.4
60,103.9
60,101.6
60,114.6
60,86.8
60,100.3
60,87
61,97.6
61,88.7
62,88.8
62,95.2
62,113
62,113.1
62,112.3
63,108
63,104.9
63,95.9
64,77
64,90.4
64,106.8
64,108.4
64,102.1
64,98.3
64,100
64,104.8
65,109.8
65,135
65,117.7
65,98.8
66,94.4
66,92.8
66,102.6
66,106.4
66,102.3
66,86.5
66,111.1
67,100.6
67,108.8
67,117.4
67,95.4
68,97.8
68,114.6
68,93
68,123.5
68,111.9
68,129.3
69,91.6
69,95.3
70,97.9
71,92.1
71,112.4
71,102.9
71,101.6
71,106.2
72,99.5
72,104.4
72,110
72,122
72,105.5
72,74.3
73,132
73,93.5
73,124.5
73,86.9
73,99.9
73,124.7
73,79.7
74,89.6
74,118.6
74,91.8
74,98
75,125.6
75,119.9
75,80.7
75,104.4
76,99.7
77,114.5
77,87.7
77,79.4
77,90.1
77,88.1
78,89.4
78,100.4
78,105.6
79,88.2
80,90.9
80,100.4
81,108.3
81,98.7
81,108.9
81,104.1
82,71.3
82,113.7
82,92.8
82,106.3
82,76.5
83,98.4
84,104.2
84,102.7
84,109.9
84,105.5
85,113
85,103
85,89
86,103.7
86,105.6
86,85.3
87,114.1
87,102
87,87
87,88
87,106.1
87,124.8
88,76.1
88,85.6
89,111.5
89,96.6
89,98.4
89,97.7
89,107.1
89,112.3
90,83.8
90,134.9
90,103.1
90,109.6
92,115.8
92,78.3
92,103.1
92,95.2
93,107.3
93,126.4
93,111.6
93,98.5
93,124.3
93,98.9
93,107.7
94,85.1
94,112.3
96,121.6
96,76.6
97,92.8
97,127.2
97,72.4
98,112.1
98,91
99,103.7
100,102.6
101,98.2
101,83.9
101,94.5
102,105.4
102,90.8
102,93.6
102,88.5
102,79.5
103,93.6
103,106.2
103,109.4
104,124.9
104,87.9
104,130.5
105,94.9
105,92.4
106,98.9
106,104.8
107,110.1
107,94.6
107,87
108,105.2
109,108.8
109,96.9
112,107.6
112,90.2
114,104.7
114,134.4
115,81.4
115,124
116,122
116,90.1
116,125.8
116,129.4
118,74
118,80.8
119,118
119,123.7
119,111.8
120,118
121,92.7
121,109
121,93.2
122,86.4
123,96.3
123,101.3
124,106.1
124,106.9
124,68.6
124,84.8
125,96
125,86.9
126,93.3
126,86.2
127,100.9
127,97.9
127,86.5
129,109.2
129,90.9
129,81.6
131,100.2
132,119.3
133,106.6
133,128.8
135,112.5
136,80.3
136,107.7
136,106.5
136,94.4
137,104.9
137,103.2
138,101.2
138,88
138,106.6
141,80.1
142,98.9
143,90.4
143,110.8
145,79.8
146,94.3
146,106.6
146,94.9
146,109.9
147,96.2
149,85.6
150,110.1
150,88.1
154,137
155,101.6
155,114.6
156,111.3
156,89.6
157,97.3
157,110.2
158,100.3
159,107.3
159,94.1
159,94.9
160,109.9
161,113.3
162,99
162,97.1
163,111.4
163,111.3
163,119.1
164,91.1
164,92.1
165,123.2
166,122.5
166,106.3
167,77
167,94.7
167,97.7
169,99.5
170,90
171,86.5
172,102
172,98
172,128.2
172,83.1
173,109.2
174,125.1
175,115.5
176,88.5
176,103.6
176,73.6
179,92.9
183,78.6
184,106.5
186,100.8
186,85
187,95.4
189,97.6
189,102.6
191,104.1
194,104.3
197,101.7
197,99.9
198,99.9
198,127.6
199,105.5
199,79
199,112.4
203,96.6
205,111.7
205,104.7
209,89
210,119.4
211,130.6
211,103.8
212,91.8
213,94.2
214,105.5
214,92.7
214,94.8
218,83.7
218,93.6
218,124.9
218,93.9
219,77.4
220,96.1
222,108.3
227,118.3
228,108.7
230,96.6
231,78.9
232,107.5
232,95.1
234,88.7
234,100.5
234,103.3
235,110.9
237,113.8
238,108.7
238,121.7
240,95.4
242,87.4
245,95.6
247,103.7
249,98.6
254,102.8
254,95
257,122.1
257,102.7
259,76
262,104
265,101.9
265,83.4
268,88.3
271,101.1
314,80.5
382,92.6
446,91.2
455,100.8